exposure,SNP,b,se
ALDH2,rs141094656,-0.46174034247636103,0.26178345548686305
ALDH2,rs1375493,-0.0362474379636233,0.1172668617089976
ALDH2,rs9880192,-0.2791582543873272,0.2928467698209649
ALDH2,rs149007767,0.07574821220894266,0.07789603592903274
ALDH2,rs150640087,-0.3941395581561812,0.29159537724900453
ALDH2,rs7785014,-0.27966137330562973,0.2725202829721975
ALDH2,rs2293889,-0.34033044887264696,0.31678359649727644
ALDH2,rs1991866,-0.31052935964039186,0.2578279550142349
ALDH2,rs10980800,-0.05401582961827807,0.21094838395096124
ALDH2,rs10774621,-0.2834521602737773,0.21616551404534434
ALDH2,rs145488714,0.07062375934503293,0.06624957616098968
ALDH2,rs78834294,-0.06110086313664381,0.09983176352394565
ALDH2,rs13333054,-0.2044125798115476,0.1852405323889117
ALDH2,rs7212590,-0.005525671781720919,0.23697039886393406
ALDH2,rs17196752,-0.11359246803888984,0.15860169325185483
FN1,rs10932612,-0.040563656199601554,0.09911773076558202
FN1,rs17525860,0.09218616880636916,0.18179441229178298
FN1,rs615857,0.4174564914976692,0.2916576128958551
