"exposure","outcome","id.exposure","id.outcome","samplesize","SNP","b","se","p"
"ALDH2","FinnGen_R12_DKD","fUNYEO","2F4WQf",NA,"rs10774621",-0.283452160273777,0.216165514045344,0.189765299807282
"ALDH2","FinnGen_R12_DKD","fUNYEO","2F4WQf",NA,"rs10980800",-0.0540158296182781,0.210948383950961,0.797903093420953
"ALDH2","FinnGen_R12_DKD","fUNYEO","2F4WQf",NA,"rs13333054",-0.204412579811548,0.185240532388912,0.269810906183309
"ALDH2","FinnGen_R12_DKD","fUNYEO","2F4WQf",NA,"rs1375493",-0.0362474379636233,0.117266861708998,0.757243830986025
"ALDH2","FinnGen_R12_DKD","fUNYEO","2F4WQf",NA,"rs141094656",-0.461740342476361,0.261783455486863,0.0777613575878595
"ALDH2","FinnGen_R12_DKD","fUNYEO","2F4WQf",NA,"rs145488714",0.0706237593450329,0.0662495761609897,0.286411966167568
"ALDH2","FinnGen_R12_DKD","fUNYEO","2F4WQf",NA,"rs149007767",0.0757482122089427,0.0778960359290327,0.330838141678787
"ALDH2","FinnGen_R12_DKD","fUNYEO","2F4WQf",NA,"rs150640087",-0.394139558156181,0.291595377249005,0.176482185314715
"ALDH2","FinnGen_R12_DKD","fUNYEO","2F4WQf",NA,"rs17196752",-0.11359246803889,0.158601693251855,0.47386032949843
"ALDH2","FinnGen_R12_DKD","fUNYEO","2F4WQf",NA,"rs1991866",-0.310529359640392,0.257827955014235,0.228432958353425
"ALDH2","FinnGen_R12_DKD","fUNYEO","2F4WQf",NA,"rs7212590",-0.00552567178172092,0.236970398863934,0.98139662708733
"ALDH2","FinnGen_R12_DKD","fUNYEO","2F4WQf",NA,"rs7785014",-0.27966137330563,0.272520282972197,0.304795490210962
"ALDH2","FinnGen_R12_DKD","fUNYEO","2F4WQf",NA,"rs78834294",-0.0611008631366438,0.0998317635239457,0.54051241578891
"ALDH2","FinnGen_R12_DKD","fUNYEO","2F4WQf",NA,"rs9880192",-0.279158254387327,0.292846769820965,0.340459835975132
"ALDH2","FinnGen_R12_DKD","fUNYEO","2F4WQf",NA,"All - Inverse variance weighted",-0.0276720932389951,0.0373514707352149,0.458780236311547
"ALDH2","FinnGen_R12_DKD","fUNYEO","2F4WQf",NA,"All - MR Egger",0.100952609089886,0.061930644103528,0.129032105177059
"FN1","FinnGen_R12_DKD","0gImqD","2F4WQf",NA,"rs10932612",-0.0405636561996016,0.099117730765582,0.682358241326849
"FN1","FinnGen_R12_DKD","0gImqD","2F4WQf",NA,"rs17525860",0.0921861688063692,0.181794412291783,0.612091515765788
"FN1","FinnGen_R12_DKD","0gImqD","2F4WQf",NA,"rs615857",0.417456491497669,0.291657612895855,0.15233742737801
"FN1","FinnGen_R12_DKD","0gImqD","2F4WQf",NA,"All - Inverse variance weighted",0.0248119716963392,0.0910598746518158,0.785253161143956
"FN1","FinnGen_R12_DKD","0gImqD","2F4WQf",NA,"All - MR Egger",-0.361610412397057,0.266452766168631,0.404273985769015
